source_id,active_days,total_detections,observation_span_days,recurrence_rate,detections_per_span_day,mean_gap_hours,std_gap_hours,median_gap_hours,min_gap_hours,max_gap_hours,temporal_regularity,max_active_days_7d,max_active_days_14d,max_active_days_30d,persistence_score
SOURCE_0001,2,7,1,0.28571428571429,7.0,4.0,8.9442719099992,0.0,0.0,24.0,0.10056040392404,2,2,2,0.3
SOURCE_0002,1,5,0,0.14285714285714,5.0,0.0,0.0,0.0,0.0,0.0,1.0,1,1,1,0.18
SOURCE_0003,1,1,0,0.14285714285714,1.0,,,,,,0.0,1,1,1,0.12
SOURCE_0004,5,21,4,0.71428571428571,5.25,4.8,9.6,0.0,0.0,24.0,0.094339622641509,5,5,5,0.82
SOURCE_0005,1,1,0,0.14285714285714,1.0,,,,,,0.0,1,1,1,0.12
SOURCE_0006,1,1,0,0.14285714285714,1.0,,,,,,0.0,1,1,1,0.12
SOURCE_0007,1,4,0,0.14285714285714,4.0,0.0,0.0,0.0,0.0,0.0,1.0,1,1,1,0.16
SOURCE_0008,1,1,0,0.14285714285714,1.0,,,,,,0.0,1,1,1,0.12
SOURCE_0009,2,3,1,0.28571428571429,3.0,12.0,12.0,12.0,0.0,24.0,0.076923076923077,2,2,2,0.24
SOURCE_0010,2,2,1,0.28571428571429,2.0,24.0,0.0,24.0,24.0,24.0,0.0,2,2,2,0.23
SOURCE_0011,2,4,1,0.28571428571429,4.0,8.0,11.313708498985,0.0,0.0,24.0,0.081210303141612,2,2,2,0.26
SOURCE_0012,5,22,4,0.71428571428571,5.5,4.5714285714286,9.4242414299832,0.0,0.0,24.0,0.09593024170792,5,5,5,0.83
SOURCE_0013,1,1,0,0.14285714285714,1.0,,,,,,0.0,1,1,1,0.12
SOURCE_0014,1,1,0,0.14285714285714,1.0,,,,,,0.0,1,1,1,0.12
SOURCE_0015,5,44,4,0.71428571428571,11.0,2.2325581395349,6.9711605563517,0.0,0.0,24.0,0.12545224662464,5,5,5,1.0
SOURCE_0016,2,2,1,0.28571428571429,2.0,24.0,0.0,24.0,24.0,24.0,0.0,2,2,2,0.23
SOURCE_0017,2,12,1,0.28571428571429,12.0,2.1818181818182,6.8995148949128,0.0,0.0,24.0,0.12659005183267,2,2,2,0.38
SOURCE_0018,5,17,4,0.71428571428571,4.25,6.0,10.392304845413,0.0,0.0,24.0,0.087778549957133,5,5,5,0.76
SOURCE_0019,2,3,1,0.28571428571429,3.0,12.0,12.0,12.0,0.0,24.0,0.076923076923077,2,2,2,0.24
SOURCE_0020,5,52,4,0.71428571428571,13.0,1.8823529411765,6.4523808003775,0.0,0.0,24.0,0.13418530625131,5,5,5,1.0
SOURCE_0021,4,11,3,0.57142857142857,3.6666666666667,7.2,10.998181667894,0.0,0.0,24.0,0.083345962553301,4,4,4,0.56
SOURCE_0022,1,1,0,0.14285714285714,1.0,,,,,,0.0,1,1,1,0.12
SOURCE_0023,1,1,0,0.14285714285714,1.0,,,,,,0.0,1,1,1,0.12
SOURCE_0024,1,3,0,0.14285714285714,3.0,0.0,0.0,0.0,0.0,0.0,1.0,1,1,1,0.14
SOURCE_0025,1,4,0,0.14285714285714,4.0,0.0,0.0,0.0,0.0,0.0,1.0,1,1,1,0.16
SOURCE_0026,2,4,1,0.28571428571429,4.0,8.0,11.313708498985,0.0,0.0,24.0,0.081210303141612,2,2,2,0.26
SOURCE_0027,1,2,0,0.14285714285714,2.0,0.0,0.0,0.0,0.0,0.0,0.0,1,1,1,0.13
SOURCE_0028,1,1,0,0.14285714285714,1.0,,,,,,0.0,1,1,1,0.12
SOURCE_0029,2,8,1,0.28571428571429,8.0,3.4285714285714,8.3982505466852,0.0,0.0,24.0,0.10640278156371,2,2,2,0.32
SOURCE_0030,1,1,0,0.14285714285714,1.0,,,,,,0.0,1,1,1,0.12
SOURCE_0031,1,1,0,0.14285714285714,1.0,,,,,,0.0,1,1,1,0.12
SOURCE_0032,1,2,0,0.14285714285714,2.0,0.0,0.0,0.0,0.0,0.0,0.0,1,1,1,0.13
SOURCE_0033,1,1,0,0.14285714285714,1.0,,,,,,0.0,1,1,1,0.12
SOURCE_0034,1,2,0,0.14285714285714,2.0,0.0,0.0,0.0,0.0,0.0,0.0,1,1,1,0.13
SOURCE_0035,1,2,0,0.14285714285714,2.0,0.0,0.0,0.0,0.0,0.0,0.0,1,1,1,0.13
SOURCE_0036,1,3,0,0.14285714285714,3.0,0.0,0.0,0.0,0.0,0.0,1.0,1,1,1,0.14
SOURCE_0037,2,18,1,0.28571428571429,18.0,1.4117647058824,5.6470588235294,0.0,0.0,24.0,0.15044247787611,2,2,2,0.47
SOURCE_0038,1,6,0,0.14285714285714,6.0,0.0,0.0,0.0,0.0,0.0,1.0,1,1,1,0.19
SOURCE_0039,1,7,0,0.14285714285714,7.0,0.0,0.0,0.0,0.0,0.0,1.0,1,1,1,0.2
SOURCE_0040,1,2,0,0.14285714285714,2.0,0.0,0.0,0.0,0.0,0.0,0.0,1,1,1,0.13
SOURCE_0041,1,3,0,0.14285714285714,3.0,0.0,0.0,0.0,0.0,0.0,1.0,1,1,1,0.14
SOURCE_0042,2,2,1,0.28571428571429,2.0,24.0,0.0,24.0,24.0,24.0,0.0,2,2,2,0.23
SOURCE_0043,2,5,1,0.28571428571429,5.0,6.0,10.392304845413,0.0,0.0,24.0,0.087778549957133,2,2,2,0.27
SOURCE_0044,1,3,0,0.14285714285714,3.0,0.0,0.0,0.0,0.0,0.0,1.0,1,1,1,0.14
SOURCE_0045,4,12,3,0.57142857142857,4.0,6.5454545454545,10.688682513963,0.0,0.0,24.0,0.085552841289463,4,4,4,0.58
SOURCE_0046,3,8,2,0.42857142857143,4.0,6.8571428571429,10.842094834863,0.0,0.0,24.0,0.084444518807265,3,3,3,0.42
SOURCE_0047,2,3,1,0.28571428571429,3.0,12.0,12.0,12.0,0.0,24.0,0.076923076923077,2,2,2,0.24
SOURCE_0048,2,9,1,0.28571428571429,9.0,3.0,7.9372539331938,0.0,0.0,24.0,0.11189119247087,2,2,2,0.34
SOURCE_0049,1,2,0,0.14285714285714,2.0,0.0,0.0,0.0,0.0,0.0,0.0,1,1,1,0.13
SOURCE_0050,2,3,1,0.28571428571429,3.0,12.0,12.0,12.0,0.0,24.0,0.076923076923077,2,2,2,0.24
SOURCE_0051,2,9,1,0.28571428571429,9.0,3.0,7.9372539331938,0.0,0.0,24.0,0.11189119247087,2,2,2,0.34
SOURCE_0052,2,11,1,0.28571428571429,11.0,2.4,7.2,0.0,0.0,24.0,0.1219512195122,2,2,2,0.36
SOURCE_0053,1,1,0,0.14285714285714,1.0,,,,,,0.0,1,1,1,0.12
SOURCE_0054,1,1,0,0.14285714285714,1.0,,,,,,0.0,1,1,1,0.12
SOURCE_0055,1,3,0,0.14285714285714,3.0,0.0,0.0,0.0,0.0,0.0,1.0,1,1,1,0.14
SOURCE_0056,1,1,0,0.14285714285714,1.0,,,,,,0.0,1,1,1,0.12
SOURCE_0057,7,30,6,1.0,5.0,4.9655172413793,9.7219366547344,0.0,0.0,24.0,0.093266732699679,7,7,7,1.0
SOURCE_0058,1,3,0,0.14285714285714,3.0,0.0,0.0,0.0,0.0,0.0,1.0,1,1,1,0.14
SOURCE_0059,1,4,0,0.14285714285714,4.0,0.0,0.0,0.0,0.0,0.0,1.0,1,1,1,0.16
SOURCE_0060,1,1,0,0.14285714285714,1.0,,,,,,0.0,1,1,1,0.12
SOURCE_0061,1,1,0,0.14285714285714,1.0,,,,,,0.0,1,1,1,0.12
SOURCE_0062,1,2,0,0.14285714285714,2.0,0.0,0.0,0.0,0.0,0.0,0.0,1,1,1,0.13
SOURCE_0063,1,1,0,0.14285714285714,1.0,,,,,,0.0,1,1,1,0.12
SOURCE_0064,1,1,0,0.14285714285714,1.0,,,,,,0.0,1,1,1,0.12
SOURCE_0065,1,2,0,0.14285714285714,2.0,0.0,0.0,0.0,0.0,0.0,0.0,1,1,1,0.13
SOURCE_0066,2,3,1,0.28571428571429,3.0,12.0,12.0,12.0,0.0,24.0,0.076923076923077,2,2,2,0.24
SOURCE_0067,1,1,0,0.14285714285714,1.0,,,,,,0.0,1,1,1,0.12
SOURCE_0068,3,3,2,0.42857142857143,1.5,24.0,0.0,24.0,24.0,24.0,1.0,3,3,3,0.34
SOURCE_0069,1,2,0,0.14285714285714,2.0,0.0,0.0,0.0,0.0,0.0,0.0,1,1,1,0.13
SOURCE_0070,6,20,5,0.85714285714286,4.0,6.3157894736842,10.568337177273,0.0,0.0,24.0,0.086442846943001,6,6,6,0.9
SOURCE_0071,2,5,1,0.28571428571429,5.0,6.0,10.392304845413,0.0,0.0,24.0,0.087778549957133,2,2,2,0.27
SOURCE_0072,1,1,0,0.14285714285714,1.0,,,,,,0.0,1,1,1,0.12
SOURCE_0073,1,1,0,0.14285714285714,1.0,,,,,,0.0,1,1,1,0.12
SOURCE_0074,1,1,0,0.14285714285714,1.0,,,,,,0.0,1,1,1,0.12
SOURCE_0075,1,2,0,0.14285714285714,2.0,0.0,0.0,0.0,0.0,0.0,0.0,1,1,1,0.13
SOURCE_0076,1,1,0,0.14285714285714,1.0,,,,,,0.0,1,1,1,0.12
SOURCE_0077,1,3,0,0.14285714285714,3.0,0.0,0.0,0.0,0.0,0.0,1.0,1,1,1,0.14
SOURCE_0078,1,1,0,0.14285714285714,1.0,,,,,,0.0,1,1,1,0.12
SOURCE_0079,1,1,0,0.14285714285714,1.0,,,,,,0.0,1,1,1,0.12
SOURCE_0080,1,1,0,0.14285714285714,1.0,,,,,,0.0,1,1,1,0.12
SOURCE_0081,1,1,0,0.14285714285714,1.0,,,,,,0.0,1,1,1,0.12
SOURCE_0082,1,1,0,0.14285714285714,1.0,,,,,,0.0,1,1,1,0.12
SOURCE_0083,1,1,0,0.14285714285714,1.0,,,,,,0.0,1,1,1,0.12
SOURCE_0084,1,1,0,0.14285714285714,1.0,,,,,,0.0,1,1,1,0.12
SOURCE_0085,1,1,0,0.14285714285714,1.0,,,,,,0.0,1,1,1,0.12
SOURCE_0086,1,1,0,0.14285714285714,1.0,,,,,,0.0,1,1,1,0.12
SOURCE_0087,1,3,0,0.14285714285714,3.0,0.0,0.0,0.0,0.0,0.0,1.0,1,1,1,0.14
SOURCE_0088,1,1,0,0.14285714285714,1.0,,,,,,0.0,1,1,1,0.12
SOURCE_0089,1,5,0,0.14285714285714,5.0,0.0,0.0,0.0,0.0,0.0,1.0,1,1,1,0.18
SOURCE_0090,1,1,0,0.14285714285714,1.0,,,,,,0.0,1,1,1,0.12
SOURCE_0091,1,1,0,0.14285714285714,1.0,,,,,,0.0,1,1,1,0.12
SOURCE_0092,5,9,4,0.71428571428571,2.25,12.0,12.0,12.0,0.0,24.0,0.076923076923077,5,5,5,0.64
SOURCE_0093,2,3,1,0.28571428571429,3.0,12.0,12.0,12.0,0.0,24.0,0.076923076923077,2,2,2,0.24
SOURCE_0094,2,4,1,0.28571428571429,4.0,8.0,11.313708498985,0.0,0.0,24.0,0.081210303141612,2,2,2,0.26
SOURCE_0095,1,1,0,0.14285714285714,1.0,,,,,,0.0,1,1,1,0.12
SOURCE_0096,4,5,3,0.57142857142857,1.6666666666667,18.0,10.392304845413,24.0,0.0,24.0,0.087778549957133,4,4,4,0.48
SOURCE_0097,1,2,0,0.14285714285714,2.0,0.0,0.0,0.0,0.0,0.0,0.0,1,1,1,0.13
SOURCE_0098,1,1,0,0.14285714285714,1.0,,,,,,0.0,1,1,1,0.12
SOURCE_0099,1,1,0,0.14285714285714,1.0,,,,,,0.0,1,1,1,0.12
SOURCE_0100,4,9,3,0.57142857142857,3.0,9.0,11.618950038622,0.0,0.0,24.0,0.079245895810614,4,4,4,0.53
SOURCE_0101,1,3,0,0.14285714285714,3.0,0.0,0.0,0.0,0.0,0.0,1.0,1,1,1,0.14
SOURCE_0102,1,2,0,0.14285714285714,2.0,0.0,0.0,0.0,0.0,0.0,0.0,1,1,1,0.13
SOURCE_0103,1,3,0,0.14285714285714,3.0,0.0,0.0,0.0,0.0,0.0,1.0,1,1,1,0.14
SOURCE_0104,1,2,0,0.14285714285714,2.0,0.0,0.0,0.0,0.0,0.0,0.0,1,1,1,0.13
SOURCE_0105,1,2,0,0.14285714285714,2.0,0.0,0.0,0.0,0.0,0.0,0.0,1,1,1,0.13
SOURCE_0106,3,4,2,0.42857142857143,2.0,16.0,11.313708498985,24.0,0.0,24.0,0.081210303141612,3,3,3,0.36
SOURCE_0107,1,1,0,0.14285714285714,1.0,,,,,,0.0,1,1,1,0.12
SOURCE_0108,1,1,0,0.14285714285714,1.0,,,,,,0.0,1,1,1,0.12
SOURCE_0109,3,4,2,0.42857142857143,2.0,16.0,11.313708498985,24.0,0.0,24.0,0.081210303141612,3,3,3,0.36
SOURCE_0110,3,11,2,0.42857142857143,5.5,4.8,9.6,0.0,0.0,24.0,0.094339622641509,3,3,3,0.46
SOURCE_0111,1,2,0,0.14285714285714,2.0,0.0,0.0,0.0,0.0,0.0,0.0,1,1,1,0.13
SOURCE_0112,1,2,0,0.14285714285714,2.0,0.0,0.0,0.0,0.0,0.0,0.0,1,1,1,0.13
SOURCE_0113,1,1,0,0.14285714285714,1.0,,,,,,0.0,1,1,1,0.12
SOURCE_0114,2,2,1,0.28571428571429,2.0,24.0,0.0,24.0,24.0,24.0,0.0,2,2,2,0.23
SOURCE_0115,1,2,0,0.14285714285714,2.0,0.0,0.0,0.0,0.0,0.0,0.0,1,1,1,0.13
SOURCE_0116,1,1,0,0.14285714285714,1.0,,,,,,0.0,1,1,1,0.12
SOURCE_0117,1,1,0,0.14285714285714,1.0,,,,,,0.0,1,1,1,0.12
SOURCE_0118,1,2,0,0.14285714285714,2.0,0.0,0.0,0.0,0.0,0.0,0.0,1,1,1,0.13
SOURCE_0119,1,2,0,0.14285714285714,2.0,0.0,0.0,0.0,0.0,0.0,0.0,1,1,1,0.13
SOURCE_0120,1,1,0,0.14285714285714,1.0,,,,,,0.0,1,1,1,0.12
SOURCE_0121,1,6,0,0.14285714285714,6.0,0.0,0.0,0.0,0.0,0.0,1.0,1,1,1,0.19
SOURCE_0122,1,5,0,0.14285714285714,5.0,0.0,0.0,0.0,0.0,0.0,1.0,1,1,1,0.18
SOURCE_0123,1,2,0,0.14285714285714,2.0,0.0,0.0,0.0,0.0,0.0,0.0,1,1,1,0.13
SOURCE_0124,1,1,0,0.14285714285714,1.0,,,,,,0.0,1,1,1,0.12
SOURCE_0125,1,1,0,0.14285714285714,1.0,,,,,,0.0,1,1,1,0.12
SOURCE_0126,1,2,0,0.14285714285714,2.0,0.0,0.0,0.0,0.0,0.0,0.0,1,1,1,0.13
SOURCE_0127,1,1,0,0.14285714285714,1.0,,,,,,0.0,1,1,1,0.12
SOURCE_0128,1,1,0,0.14285714285714,1.0,,,,,,0.0,1,1,1,0.12
SOURCE_0129,2,6,1,0.28571428571429,6.0,4.8,9.6,0.0,0.0,24.0,0.094339622641509,2,2,2,0.29
SOURCE_0130,2,19,1,0.28571428571429,19.0,1.3333333333333,5.4974741674902,0.0,0.0,24.0,0.15390596010423,2,2,2,0.48
SOURCE_0131,2,11,1,0.28571428571429,11.0,2.4,7.2,0.0,0.0,24.0,0.1219512195122,2,2,2,0.36
SOURCE_0132,2,4,1,0.28571428571429,4.0,8.0,11.313708498985,0.0,0.0,24.0,0.081210303141612,2,2,2,0.26
SOURCE_0133,1,1,0,0.14285714285714,1.0,,,,,,0.0,1,1,1,0.12
SOURCE_0134,1,1,0,0.14285714285714,1.0,,,,,,0.0,1,1,1,0.12
SOURCE_0135,3,3,2,0.42857142857143,1.5,24.0,0.0,24.0,24.0,24.0,1.0,3,3,3,0.34
SOURCE_0136,1,1,0,0.14285714285714,1.0,,,,,,0.0,1,1,1,0.12
SOURCE_0137,1,1,0,0.14285714285714,1.0,,,,,,0.0,1,1,1,0.12
SOURCE_0138,1,1,0,0.14285714285714,1.0,,,,,,0.0,1,1,1,0.12
SOURCE_0139,1,1,0,0.14285714285714,1.0,,,,,,0.0,1,1,1,0.12
SOURCE_0140,1,1,0,0.14285714285714,1.0,,,,,,0.0,1,1,1,0.12
SOURCE_0141,1,2,0,0.14285714285714,2.0,0.0,0.0,0.0,0.0,0.0,0.0,1,1,1,0.13
SOURCE_0142,1,2,0,0.14285714285714,2.0,0.0,0.0,0.0,0.0,0.0,0.0,1,1,1,0.13
SOURCE_0143,1,1,0,0.14285714285714,1.0,,,,,,0.0,1,1,1,0.12
SOURCE_0144,1,1,0,0.14285714285714,1.0,,,,,,0.0,1,1,1,0.12
SOURCE_0145,1,4,0,0.14285714285714,4.0,0.0,0.0,0.0,0.0,0.0,1.0,1,1,1,0.16
SOURCE_0146,1,2,0,0.14285714285714,2.0,0.0,0.0,0.0,0.0,0.0,0.0,1,1,1,0.13
SOURCE_0147,1,1,0,0.14285714285714,1.0,,,,,,0.0,1,1,1,0.12
SOURCE_0148,1,2,0,0.14285714285714,2.0,0.0,0.0,0.0,0.0,0.0,0.0,1,1,1,0.13
SOURCE_0149,1,1,0,0.14285714285714,1.0,,,,,,0.0,1,1,1,0.12
SOURCE_0150,1,1,0,0.14285714285714,1.0,,,,,,0.0,1,1,1,0.12
SOURCE_0151,1,1,0,0.14285714285714,1.0,,,,,,0.0,1,1,1,0.12
SOURCE_0152,1,1,0,0.14285714285714,1.0,,,,,,0.0,1,1,1,0.12
SOURCE_0153,1,1,0,0.14285714285714,1.0,,,,,,0.0,1,1,1,0.12
SOURCE_0154,1,2,0,0.14285714285714,2.0,0.0,0.0,0.0,0.0,0.0,0.0,1,1,1,0.13
SOURCE_0155,1,1,0,0.14285714285714,1.0,,,,,,0.0,1,1,1,0.12
SOURCE_0156,1,1,0,0.14285714285714,1.0,,,,,,0.0,1,1,1,0.12
SOURCE_0157,1,1,0,0.14285714285714,1.0,,,,,,0.0,1,1,1,0.12
SOURCE_0158,1,6,0,0.14285714285714,6.0,0.0,0.0,0.0,0.0,0.0,1.0,1,1,1,0.19
SOURCE_0159,1,2,0,0.14285714285714,2.0,0.0,0.0,0.0,0.0,0.0,0.0,1,1,1,0.13
SOURCE_0160,1,1,0,0.14285714285714,1.0,,,,,,0.0,1,1,1,0.12
SOURCE_0161,1,1,0,0.14285714285714,1.0,,,,,,0.0,1,1,1,0.12
SOURCE_0162,1,1,0,0.14285714285714,1.0,,,,,,0.0,1,1,1,0.12
SOURCE_0163,1,1,0,0.14285714285714,1.0,,,,,,0.0,1,1,1,0.12
SOURCE_0164,1,1,0,0.14285714285714,1.0,,,,,,0.0,1,1,1,0.12
SOURCE_0165,1,1,0,0.14285714285714,1.0,,,,,,0.0,1,1,1,0.12
SOURCE_0166,1,1,0,0.14285714285714,1.0,,,,,,0.0,1,1,1,0.12
SOURCE_0167,1,1,0,0.14285714285714,1.0,,,,,,0.0,1,1,1,0.12
SOURCE_0168,1,1,0,0.14285714285714,1.0,,,,,,0.0,1,1,1,0.12
SOURCE_0169,1,3,0,0.14285714285714,3.0,0.0,0.0,0.0,0.0,0.0,1.0,1,1,1,0.14
SOURCE_0170,1,1,0,0.14285714285714,1.0,,,,,,0.0,1,1,1,0.12
SOURCE_0171,1,1,0,0.14285714285714,1.0,,,,,,0.0,1,1,1,0.12
SOURCE_0172,1,1,0,0.14285714285714,1.0,,,,,,0.0,1,1,1,0.12
SOURCE_0173,1,1,0,0.14285714285714,1.0,,,,,,0.0,1,1,1,0.12
SOURCE_0174,1,1,0,0.14285714285714,1.0,,,,,,0.0,1,1,1,0.12
SOURCE_0175,1,1,0,0.14285714285714,1.0,,,,,,0.0,1,1,1,0.12
SOURCE_0176,1,1,0,0.14285714285714,1.0,,,,,,0.0,1,1,1,0.12
SOURCE_0177,1,1,0,0.14285714285714,1.0,,,,,,0.0,1,1,1,0.12
SOURCE_0178,1,3,0,0.14285714285714,3.0,0.0,0.0,0.0,0.0,0.0,1.0,1,1,1,0.14
SOURCE_0179,1,2,0,0.14285714285714,2.0,0.0,0.0,0.0,0.0,0.0,0.0,1,1,1,0.13
SOURCE_0180,1,1,0,0.14285714285714,1.0,,,,,,0.0,1,1,1,0.12
SOURCE_0181,2,3,1,0.28571428571429,3.0,12.0,12.0,12.0,0.0,24.0,0.076923076923077,2,2,2,0.24
SOURCE_0182,1,1,0,0.14285714285714,1.0,,,,,,0.0,1,1,1,0.12
SOURCE_0183,1,1,0,0.14285714285714,1.0,,,,,,0.0,1,1,1,0.12
SOURCE_0184,1,2,0,0.14285714285714,2.0,0.0,0.0,0.0,0.0,0.0,0.0,1,1,1,0.13
SOURCE_0185,1,1,0,0.14285714285714,1.0,,,,,,0.0,1,1,1,0.12
SOURCE_0186,1,1,0,0.14285714285714,1.0,,,,,,0.0,1,1,1,0.12
SOURCE_0187,1,2,0,0.14285714285714,2.0,0.0,0.0,0.0,0.0,0.0,0.0,1,1,1,0.13
SOURCE_0188,1,3,0,0.14285714285714,3.0,0.0,0.0,0.0,0.0,0.0,1.0,1,1,1,0.14
SOURCE_0189,1,2,0,0.14285714285714,2.0,0.0,0.0,0.0,0.0,0.0,0.0,1,1,1,0.13
SOURCE_0190,1,2,0,0.14285714285714,2.0,0.0,0.0,0.0,0.0,0.0,0.0,1,1,1,0.13
SOURCE_0191,1,1,0,0.14285714285714,1.0,,,,,,0.0,1,1,1,0.12
SOURCE_0192,1,3,0,0.14285714285714,3.0,0.0,0.0,0.0,0.0,0.0,1.0,1,1,1,0.14
SOURCE_0193,1,2,0,0.14285714285714,2.0,0.0,0.0,0.0,0.0,0.0,0.0,1,1,1,0.13
SOURCE_0194,1,2,0,0.14285714285714,2.0,0.0,0.0,0.0,0.0,0.0,0.0,1,1,1,0.13
SOURCE_0195,1,1,0,0.14285714285714,1.0,,,,,,0.0,1,1,1,0.12
SOURCE_0196,1,1,0,0.14285714285714,1.0,,,,,,0.0,1,1,1,0.12
SOURCE_0197,1,1,0,0.14285714285714,1.0,,,,,,0.0,1,1,1,0.12
SOURCE_0198,1,1,0,0.14285714285714,1.0,,,,,,0.0,1,1,1,0.12
SOURCE_0199,1,1,0,0.14285714285714,1.0,,,,,,0.0,1,1,1,0.12
SOURCE_0200,1,1,0,0.14285714285714,1.0,,,,,,0.0,1,1,1,0.12
SOURCE_0201,1,1,0,0.14285714285714,1.0,,,,,,0.0,1,1,1,0.12
SOURCE_0202,1,1,0,0.14285714285714,1.0,,,,,,0.0,1,1,1,0.12
SOURCE_0203,1,1,0,0.14285714285714,1.0,,,,,,0.0,1,1,1,0.12
SOURCE_0204,1,3,0,0.14285714285714,3.0,0.0,0.0,0.0,0.0,0.0,1.0,1,1,1,0.14
SOURCE_0205,1,1,0,0.14285714285714,1.0,,,,,,0.0,1,1,1,0.12
SOURCE_0206,1,1,0,0.14285714285714,1.0,,,,,,0.0,1,1,1,0.12
SOURCE_0207,1,1,0,0.14285714285714,1.0,,,,,,0.0,1,1,1,0.12
SOURCE_0208,1,3,0,0.14285714285714,3.0,0.0,0.0,0.0,0.0,0.0,1.0,1,1,1,0.14
SOURCE_0209,2,3,1,0.28571428571429,3.0,12.0,12.0,12.0,0.0,24.0,0.076923076923077,2,2,2,0.24
SOURCE_0210,1,3,0,0.14285714285714,3.0,0.0,0.0,0.0,0.0,0.0,1.0,1,1,1,0.14
SOURCE_0211,1,4,0,0.14285714285714,4.0,0.0,0.0,0.0,0.0,0.0,1.0,1,1,1,0.16
SOURCE_0212,3,4,2,0.42857142857143,2.0,16.0,11.313708498985,24.0,0.0,24.0,0.081210303141612,3,3,3,0.36
SOURCE_0213,1,2,0,0.14285714285714,2.0,0.0,0.0,0.0,0.0,0.0,0.0,1,1,1,0.13
SOURCE_0214,2,2,1,0.28571428571429,2.0,24.0,0.0,24.0,24.0,24.0,0.0,2,2,2,0.23
SOURCE_0215,3,4,2,0.42857142857143,2.0,16.0,11.313708498985,24.0,0.0,24.0,0.081210303141612,3,3,3,0.36
SOURCE_0216,1,1,0,0.14285714285714,1.0,,,,,,0.0,1,1,1,0.12
SOURCE_0217,1,1,0,0.14285714285714,1.0,,,,,,0.0,1,1,1,0.12
SOURCE_0218,2,2,1,0.28571428571429,2.0,24.0,0.0,24.0,24.0,24.0,0.0,2,2,2,0.23
SOURCE_0219,1,1,0,0.14285714285714,1.0,,,,,,0.0,1,1,1,0.12
SOURCE_0220,1,1,0,0.14285714285714,1.0,,,,,,0.0,1,1,1,0.12
SOURCE_0221,1,1,0,0.14285714285714,1.0,,,,,,0.0,1,1,1,0.12
SOURCE_0222,2,13,1,0.28571428571429,13.0,2.0,6.6332495807108,0.0,0.0,24.0,0.13100580420258,2,2,2,0.4
SOURCE_0223,1,6,0,0.14285714285714,6.0,0.0,0.0,0.0,0.0,0.0,1.0,1,1,1,0.19
SOURCE_0224,1,1,0,0.14285714285714,1.0,,,,,,0.0,1,1,1,0.12
SOURCE_0225,1,1,0,0.14285714285714,1.0,,,,,,0.0,1,1,1,0.12
SOURCE_0226,1,3,0,0.14285714285714,3.0,0.0,0.0,0.0,0.0,0.0,1.0,1,1,1,0.14
SOURCE_0227,2,5,1,0.28571428571429,5.0,6.0,10.392304845413,0.0,0.0,24.0,0.087778549957133,2,2,2,0.27
SOURCE_0228,1,3,0,0.14285714285714,3.0,0.0,0.0,0.0,0.0,0.0,1.0,1,1,1,0.14
SOURCE_0229,1,1,0,0.14285714285714,1.0,,,,,,0.0,1,1,1,0.12
SOURCE_0230,1,1,0,0.14285714285714,1.0,,,,,,0.0,1,1,1,0.12
SOURCE_0231,1,1,0,0.14285714285714,1.0,,,,,,0.0,1,1,1,0.12
SOURCE_0232,1,1,0,0.14285714285714,1.0,,,,,,0.0,1,1,1,0.12
SOURCE_0233,1,1,0,0.14285714285714,1.0,,,,,,0.0,1,1,1,0.12
SOURCE_0234,1,1,0,0.14285714285714,1.0,,,,,,0.0,1,1,1,0.12
SOURCE_0235,1,2,0,0.14285714285714,2.0,0.0,0.0,0.0,0.0,0.0,0.0,1,1,1,0.13
SOURCE_0236,1,1,0,0.14285714285714,1.0,,,,,,0.0,1,1,1,0.12
SOURCE_0237,1,2,0,0.14285714285714,2.0,0.0,0.0,0.0,0.0,0.0,0.0,1,1,1,0.13
SOURCE_0238,1,1,0,0.14285714285714,1.0,,,,,,0.0,1,1,1,0.12
SOURCE_0239,1,1,0,0.14285714285714,1.0,,,,,,0.0,1,1,1,0.12
SOURCE_0240,1,1,0,0.14285714285714,1.0,,,,,,0.0,1,1,1,0.12
SOURCE_0241,1,1,0,0.14285714285714,1.0,,,,,,0.0,1,1,1,0.12
SOURCE_0242,1,1,0,0.14285714285714,1.0,,,,,,0.0,1,1,1,0.12
SOURCE_0243,1,1,0,0.14285714285714,1.0,,,,,,0.0,1,1,1,0.12
SOURCE_0244,1,1,0,0.14285714285714,1.0,,,,,,0.0,1,1,1,0.12
SOURCE_0245,1,3,0,0.14285714285714,3.0,0.0,0.0,0.0,0.0,0.0,1.0,1,1,1,0.14
SOURCE_0246,1,1,0,0.14285714285714,1.0,,,,,,0.0,1,1,1,0.12
SOURCE_0247,1,1,0,0.14285714285714,1.0,,,,,,0.0,1,1,1,0.12
SOURCE_0248,2,17,1,0.28571428571429,17.0,1.5,5.8094750193111,0.0,0.0,24.0,0.14685419906294,2,2,2,0.45
SOURCE_0249,2,2,1,0.28571428571429,2.0,24.0,0.0,24.0,24.0,24.0,0.0,2,2,2,0.23
SOURCE_0250,1,1,0,0.14285714285714,1.0,,,,,,0.0,1,1,1,0.12
SOURCE_0251,4,6,3,0.57142857142857,2.0,14.4,11.757550765359,24.0,0.0,24.0,0.078384951656654,4,4,4,0.49
SOURCE_0252,2,2,1,0.28571428571429,2.0,24.0,0.0,24.0,24.0,24.0,0.0,2,2,2,0.23
SOURCE_0253,1,1,0,0.14285714285714,1.0,,,,,,0.0,1,1,1,0.12
SOURCE_0254,5,11,4,0.71428571428571,2.75,9.6,11.757550765359,0.0,0.0,24.0,0.078384951656654,5,5,5,0.66
SOURCE_0255,3,7,2,0.42857142857143,3.5,8.0,11.313708498985,0.0,0.0,24.0,0.081210303141612,3,3,3,0.4
SOURCE_0256,3,3,2,0.42857142857143,1.5,24.0,0.0,24.0,24.0,24.0,1.0,3,3,3,0.34
SOURCE_0257,1,1,0,0.14285714285714,1.0,,,,,,0.0,1,1,1,0.12
SOURCE_0258,1,1,0,0.14285714285714,1.0,,,,,,0.0,1,1,1,0.12
SOURCE_0259,1,1,0,0.14285714285714,1.0,,,,,,0.0,1,1,1,0.12
SOURCE_0260,1,2,0,0.14285714285714,2.0,0.0,0.0,0.0,0.0,0.0,0.0,1,1,1,0.13
SOURCE_0261,1,2,0,0.14285714285714,2.0,0.0,0.0,0.0,0.0,0.0,0.0,1,1,1,0.13
SOURCE_0262,2,4,1,0.28571428571429,4.0,8.0,11.313708498985,0.0,0.0,24.0,0.081210303141612,2,2,2,0.26
SOURCE_0263,1,1,0,0.14285714285714,1.0,,,,,,0.0,1,1,1,0.12
SOURCE_0264,1,2,0,0.14285714285714,2.0,0.0,0.0,0.0,0.0,0.0,0.0,1,1,1,0.13
SOURCE_0265,1,1,0,0.14285714285714,1.0,,,,,,0.0,1,1,1,0.12
SOURCE_0266,1,1,0,0.14285714285714,1.0,,,,,,0.0,1,1,1,0.12
SOURCE_0267,2,3,1,0.28571428571429,3.0,12.0,12.0,12.0,0.0,24.0,0.076923076923077,2,2,2,0.24
SOURCE_0268,1,1,0,0.14285714285714,1.0,,,,,,0.0,1,1,1,0.12
SOURCE_0269,1,1,0,0.14285714285714,1.0,,,,,,0.0,1,1,1,0.12
SOURCE_0270,1,3,0,0.14285714285714,3.0,0.0,0.0,0.0,0.0,0.0,1.0,1,1,1,0.14
SOURCE_0271,1,2,0,0.14285714285714,2.0,0.0,0.0,0.0,0.0,0.0,0.0,1,1,1,0.13
SOURCE_0272,1,3,0,0.14285714285714,3.0,0.0,0.0,0.0,0.0,0.0,1.0,1,1,1,0.14
SOURCE_0273,1,1,0,0.14285714285714,1.0,,,,,,0.0,1,1,1,0.12
SOURCE_0274,4,35,3,0.57142857142857,11.666666666667,2.1176470588235,6.8072828901127,0.0,0.0,24.0,0.12808553424731,4,4,4,0.92
SOURCE_0275,1,1,0,0.14285714285714,1.0,,,,,,0.0,1,1,1,0.12
SOURCE_0276,1,2,0,0.14285714285714,2.0,0.0,0.0,0.0,0.0,0.0,0.0,1,1,1,0.13
SOURCE_0277,1,1,0,0.14285714285714,1.0,,,,,,0.0,1,1,1,0.12
SOURCE_0278,1,1,0,0.14285714285714,1.0,,,,,,0.0,1,1,1,0.12
SOURCE_0279,1,1,0,0.14285714285714,1.0,,,,,,0.0,1,1,1,0.12
SOURCE_0280,1,1,0,0.14285714285714,1.0,,,,,,0.0,1,1,1,0.12
SOURCE_0281,1,1,0,0.14285714285714,1.0,,,,,,0.0,1,1,1,0.12
SOURCE_0282,1,1,0,0.14285714285714,1.0,,,,,,0.0,1,1,1,0.12
SOURCE_0283,1,2,0,0.14285714285714,2.0,0.0,0.0,0.0,0.0,0.0,0.0,1,1,1,0.13
SOURCE_0284,1,2,0,0.14285714285714,2.0,0.0,0.0,0.0,0.0,0.0,0.0,1,1,1,0.13
SOURCE_0285,1,3,0,0.14285714285714,3.0,0.0,0.0,0.0,0.0,0.0,1.0,1,1,1,0.14
SOURCE_0286,1,1,0,0.14285714285714,1.0,,,,,,0.0,1,1,1,0.12
SOURCE_0287,1,1,0,0.14285714285714,1.0,,,,,,0.0,1,1,1,0.12
SOURCE_0288,1,1,0,0.14285714285714,1.0,,,,,,0.0,1,1,1,0.12
SOURCE_0289,1,1,0,0.14285714285714,1.0,,,,,,0.0,1,1,1,0.12
SOURCE_0290,1,1,0,0.14285714285714,1.0,,,,,,0.0,1,1,1,0.12
SOURCE_0291,1,1,0,0.14285714285714,1.0,,,,,,0.0,1,1,1,0.12
SOURCE_0292,1,1,0,0.14285714285714,1.0,,,,,,0.0,1,1,1,0.12
SOURCE_0293,1,1,0,0.14285714285714,1.0,,,,,,0.0,1,1,1,0.12
SOURCE_0294,1,1,0,0.14285714285714,1.0,,,,,,0.0,1,1,1,0.12
SOURCE_0295,1,1,0,0.14285714285714,1.0,,,,,,0.0,1,1,1,0.12
SOURCE_0296,1,2,0,0.14285714285714,2.0,0.0,0.0,0.0,0.0,0.0,0.0,1,1,1,0.13
SOURCE_0297,2,3,1,0.28571428571429,3.0,12.0,12.0,12.0,0.0,24.0,0.076923076923077,2,2,2,0.24
SOURCE_0298,1,3,0,0.14285714285714,3.0,0.0,0.0,0.0,0.0,0.0,1.0,1,1,1,0.14
SOURCE_0299,2,3,1,0.28571428571429,3.0,12.0,12.0,12.0,0.0,24.0,0.076923076923077,2,2,2,0.24
SOURCE_0300,1,2,0,0.14285714285714,2.0,0.0,0.0,0.0,0.0,0.0,0.0,1,1,1,0.13
SOURCE_0301,3,12,2,0.42857142857143,6.0,4.3636363636364,9.2566705900784,0.0,0.0,24.0,0.097497525265882,3,3,3,0.48
SOURCE_0302,3,4,2,0.42857142857143,2.0,16.0,11.313708498985,24.0,0.0,24.0,0.081210303141612,3,3,3,0.36
SOURCE_0303,2,7,1,0.28571428571429,7.0,4.0,8.9442719099992,0.0,0.0,24.0,0.10056040392404,2,2,2,0.3
SOURCE_0304,1,1,0,0.14285714285714,1.0,,,,,,0.0,1,1,1,0.12
SOURCE_0305,1,1,0,0.14285714285714,1.0,,,,,,0.0,1,1,1,0.12
SOURCE_0306,1,1,0,0.14285714285714,1.0,,,,,,0.0,1,1,1,0.12
SOURCE_0307,1,2,0,0.14285714285714,2.0,0.0,0.0,0.0,0.0,0.0,0.0,1,1,1,0.13
SOURCE_0308,1,1,0,0.14285714285714,1.0,,,,,,0.0,1,1,1,0.12
SOURCE_0309,1,1,0,0.14285714285714,1.0,,,,,,0.0,1,1,1,0.12
SOURCE_0310,2,3,1,0.28571428571429,3.0,12.0,12.0,12.0,0.0,24.0,0.076923076923077,2,2,2,0.24
SOURCE_0311,1,2,0,0.14285714285714,2.0,0.0,0.0,0.0,0.0,0.0,0.0,1,1,1,0.13
SOURCE_0312,1,6,0,0.14285714285714,6.0,0.0,0.0,0.0,0.0,0.0,1.0,1,1,1,0.19
SOURCE_0313,1,1,0,0.14285714285714,1.0,,,,,,0.0,1,1,1,0.12
SOURCE_0314,2,2,1,0.28571428571429,2.0,24.0,0.0,24.0,24.0,24.0,0.0,2,2,2,0.23
SOURCE_0315,1,2,0,0.14285714285714,2.0,0.0,0.0,0.0,0.0,0.0,0.0,1,1,1,0.13
SOURCE_0316,3,8,2,0.42857142857143,4.0,6.8571428571429,10.842094834863,0.0,0.0,24.0,0.084444518807265,3,3,3,0.42
SOURCE_0317,1,2,0,0.14285714285714,2.0,0.0,0.0,0.0,0.0,0.0,0.0,1,1,1,0.13
SOURCE_0318,1,1,0,0.14285714285714,1.0,,,,,,0.0,1,1,1,0.12
SOURCE_0319,1,3,0,0.14285714285714,3.0,0.0,0.0,0.0,0.0,0.0,1.0,1,1,1,0.14
SOURCE_0320,1,1,0,0.14285714285714,1.0,,,,,,0.0,1,1,1,0.12
SOURCE_0321,2,2,1,0.28571428571429,2.0,24.0,0.0,24.0,24.0,24.0,0.0,2,2,2,0.23
SOURCE_0322,2,6,1,0.28571428571429,6.0,4.8,9.6,0.0,0.0,24.0,0.094339622641509,2,2,2,0.29
SOURCE_0323,1,2,0,0.14285714285714,2.0,0.0,0.0,0.0,0.0,0.0,0.0,1,1,1,0.13
SOURCE_0324,1,1,0,0.14285714285714,1.0,,,,,,0.0,1,1,1,0.12
SOURCE_0325,2,2,1,0.28571428571429,2.0,24.0,0.0,24.0,24.0,24.0,0.0,2,2,2,0.23
SOURCE_0326,2,6,1,0.28571428571429,6.0,4.8,9.6,0.0,0.0,24.0,0.094339622641509,2,2,2,0.29
SOURCE_0327,2,3,1,0.28571428571429,3.0,12.0,12.0,12.0,0.0,24.0,0.076923076923077,2,2,2,0.24
SOURCE_0328,2,3,1,0.28571428571429,3.0,12.0,12.0,12.0,0.0,24.0,0.076923076923077,2,2,2,0.24
SOURCE_0329,3,5,2,0.42857142857143,2.5,12.0,12.0,12.0,0.0,24.0,0.076923076923077,3,3,3,0.38
SOURCE_0330,3,3,2,0.42857142857143,1.5,24.0,0.0,24.0,24.0,24.0,1.0,3,3,3,0.34
SOURCE_0331,2,6,1,0.28571428571429,6.0,4.8,9.6,0.0,0.0,24.0,0.094339622641509,2,2,2,0.29
SOURCE_0332,1,7,0,0.14285714285714,7.0,0.0,0.0,0.0,0.0,0.0,1.0,1,1,1,0.2
SOURCE_0333,1,1,0,0.14285714285714,1.0,,,,,,0.0,1,1,1,0.12
SOURCE_0334,1,1,0,0.14285714285714,1.0,,,,,,0.0,1,1,1,0.12
SOURCE_0335,1,1,0,0.14285714285714,1.0,,,,,,0.0,1,1,1,0.12
SOURCE_0336,1,1,0,0.14285714285714,1.0,,,,,,0.0,1,1,1,0.12
SOURCE_0337,1,1,0,0.14285714285714,1.0,,,,,,0.0,1,1,1,0.12
SOURCE_0338,1,1,0,0.14285714285714,1.0,,,,,,0.0,1,1,1,0.12
SOURCE_0339,1,2,0,0.14285714285714,2.0,0.0,0.0,0.0,0.0,0.0,0.0,1,1,1,0.13
SOURCE_0340,1,1,0,0.14285714285714,1.0,,,,,,0.0,1,1,1,0.12
SOURCE_0341,2,2,1,0.28571428571429,2.0,24.0,0.0,24.0,24.0,24.0,0.0,2,2,2,0.23
SOURCE_0342,1,1,0,0.14285714285714,1.0,,,,,,0.0,1,1,1,0.12
SOURCE_0343,1,1,0,0.14285714285714,1.0,,,,,,0.0,1,1,1,0.12
SOURCE_0344,1,1,0,0.14285714285714,1.0,,,,,,0.0,1,1,1,0.12
SOURCE_0345,1,1,0,0.14285714285714,1.0,,,,,,0.0,1,1,1,0.12
SOURCE_0346,1,1,0,0.14285714285714,1.0,,,,,,0.0,1,1,1,0.12
SOURCE_0347,1,1,0,0.14285714285714,1.0,,,,,,0.0,1,1,1,0.12
SOURCE_0348,1,1,0,0.14285714285714,1.0,,,,,,0.0,1,1,1,0.12
SOURCE_0349,1,3,0,0.14285714285714,3.0,0.0,0.0,0.0,0.0,0.0,1.0,1,1,1,0.14
SOURCE_0350,1,1,0,0.14285714285714,1.0,,,,,,0.0,1,1,1,0.12
SOURCE_0351,1,1,0,0.14285714285714,1.0,,,,,,0.0,1,1,1,0.12
SOURCE_0352,1,4,0,0.14285714285714,4.0,0.0,0.0,0.0,0.0,0.0,1.0,1,1,1,0.16
SOURCE_0353,1,3,0,0.14285714285714,3.0,0.0,0.0,0.0,0.0,0.0,1.0,1,1,1,0.14
SOURCE_0354,1,1,0,0.14285714285714,1.0,,,,,,0.0,1,1,1,0.12
SOURCE_0355,1,1,0,0.14285714285714,1.0,,,,,,0.0,1,1,1,0.12
SOURCE_0356,1,2,0,0.14285714285714,2.0,0.0,0.0,0.0,0.0,0.0,0.0,1,1,1,0.13
SOURCE_0357,1,1,0,0.14285714285714,1.0,,,,,,0.0,1,1,1,0.12
SOURCE_0358,1,1,0,0.14285714285714,1.0,,,,,,0.0,1,1,1,0.12
SOURCE_0359,2,3,1,0.28571428571429,3.0,12.0,12.0,12.0,0.0,24.0,0.076923076923077,2,2,2,0.24
SOURCE_0360,1,4,0,0.14285714285714,4.0,0.0,0.0,0.0,0.0,0.0,1.0,1,1,1,0.16
SOURCE_0361,1,2,0,0.14285714285714,2.0,0.0,0.0,0.0,0.0,0.0,0.0,1,1,1,0.13
SOURCE_0362,1,1,0,0.14285714285714,1.0,,,,,,0.0,1,1,1,0.12
SOURCE_0363,1,1,0,0.14285714285714,1.0,,,,,,0.0,1,1,1,0.12
SOURCE_0364,1,1,0,0.14285714285714,1.0,,,,,,0.0,1,1,1,0.12
SOURCE_0365,1,2,0,0.14285714285714,2.0,0.0,0.0,0.0,0.0,0.0,0.0,1,1,1,0.13
SOURCE_0366,1,2,0,0.14285714285714,2.0,0.0,0.0,0.0,0.0,0.0,0.0,1,1,1,0.13
SOURCE_0367,1,1,0,0.14285714285714,1.0,,,,,,0.0,1,1,1,0.12
SOURCE_0368,1,1,0,0.14285714285714,1.0,,,,,,0.0,1,1,1,0.12
SOURCE_0369,1,1,0,0.14285714285714,1.0,,,,,,0.0,1,1,1,0.12
SOURCE_0370,1,3,0,0.14285714285714,3.0,0.0,0.0,0.0,0.0,0.0,1.0,1,1,1,0.14
SOURCE_0371,2,2,1,0.28571428571429,2.0,24.0,0.0,24.0,24.0,24.0,0.0,2,2,2,0.23
SOURCE_0372,1,1,0,0.14285714285714,1.0,,,,,,0.0,1,1,1,0.12
SOURCE_0373,1,1,0,0.14285714285714,1.0,,,,,,0.0,1,1,1,0.12
SOURCE_0374,1,1,0,0.14285714285714,1.0,,,,,,0.0,1,1,1,0.12
SOURCE_0375,1,1,0,0.14285714285714,1.0,,,,,,0.0,1,1,1,0.12
SOURCE_0376,1,2,0,0.14285714285714,2.0,0.0,0.0,0.0,0.0,0.0,0.0,1,1,1,0.13
SOURCE_0377,2,2,1,0.28571428571429,2.0,24.0,0.0,24.0,24.0,24.0,0.0,2,2,2,0.23
SOURCE_0378,1,1,0,0.14285714285714,1.0,,,,,,0.0,1,1,1,0.12
SOURCE_0379,2,8,1,0.28571428571429,8.0,3.4285714285714,8.3982505466852,0.0,0.0,24.0,0.10640278156371,2,2,2,0.32
SOURCE_0380,1,1,0,0.14285714285714,1.0,,,,,,0.0,1,1,1,0.12
SOURCE_0381,1,1,0,0.14285714285714,1.0,,,,,,0.0,1,1,1,0.12
SOURCE_0382,1,1,0,0.14285714285714,1.0,,,,,,0.0,1,1,1,0.12
SOURCE_0383,1,1,0,0.14285714285714,1.0,,,,,,0.0,1,1,1,0.12
SOURCE_0384,1,2,0,0.14285714285714,2.0,0.0,0.0,0.0,0.0,0.0,0.0,1,1,1,0.13
SOURCE_0385,1,1,0,0.14285714285714,1.0,,,,,,0.0,1,1,1,0.12
SOURCE_0386,1,1,0,0.14285714285714,1.0,,,,,,0.0,1,1,1,0.12
SOURCE_0387,1,1,0,0.14285714285714,1.0,,,,,,0.0,1,1,1,0.12
SOURCE_0388,1,1,0,0.14285714285714,1.0,,,,,,0.0,1,1,1,0.12
SOURCE_0389,1,1,0,0.14285714285714,1.0,,,,,,0.0,1,1,1,0.12
SOURCE_0390,1,1,0,0.14285714285714,1.0,,,,,,0.0,1,1,1,0.12
SOURCE_0391,1,2,0,0.14285714285714,2.0,0.0,0.0,0.0,0.0,0.0,0.0,1,1,1,0.13
SOURCE_0392,1,1,0,0.14285714285714,1.0,,,,,,0.0,1,1,1,0.12
SOURCE_0393,1,1,0,0.14285714285714,1.0,,,,,,0.0,1,1,1,0.12
SOURCE_0394,1,1,0,0.14285714285714,1.0,,,,,,0.0,1,1,1,0.12
SOURCE_0395,1,1,0,0.14285714285714,1.0,,,,,,0.0,1,1,1,0.12
SOURCE_0396,1,1,0,0.14285714285714,1.0,,,,,,0.0,1,1,1,0.12
SOURCE_0397,1,1,0,0.14285714285714,1.0,,,,,,0.0,1,1,1,0.12
SOURCE_0398,1,1,0,0.14285714285714,1.0,,,,,,0.0,1,1,1,0.12
SOURCE_0399,1,1,0,0.14285714285714,1.0,,,,,,0.0,1,1,1,0.12
SOURCE_0400,1,1,0,0.14285714285714,1.0,,,,,,0.0,1,1,1,0.12
SOURCE_0401,1,5,0,0.14285714285714,5.0,0.0,0.0,0.0,0.0,0.0,1.0,1,1,1,0.18
SOURCE_0402,1,1,0,0.14285714285714,1.0,,,,,,0.0,1,1,1,0.12
SOURCE_0403,1,1,0,0.14285714285714,1.0,,,,,,0.0,1,1,1,0.12
SOURCE_0404,1,2,0,0.14285714285714,2.0,0.0,0.0,0.0,0.0,0.0,0.0,1,1,1,0.13
SOURCE_0405,1,1,0,0.14285714285714,1.0,,,,,,0.0,1,1,1,0.12
SOURCE_0406,1,1,0,0.14285714285714,1.0,,,,,,0.0,1,1,1,0.12
SOURCE_0407,1,1,0,0.14285714285714,1.0,,,,,,0.0,1,1,1,0.12
SOURCE_0408,1,1,0,0.14285714285714,1.0,,,,,,0.0,1,1,1,0.12
SOURCE_0409,1,2,0,0.14285714285714,2.0,0.0,0.0,0.0,0.0,0.0,0.0,1,1,1,0.13
SOURCE_0410,1,2,0,0.14285714285714,2.0,0.0,0.0,0.0,0.0,0.0,0.0,1,1,1,0.13
SOURCE_0411,1,4,0,0.14285714285714,4.0,0.0,0.0,0.0,0.0,0.0,1.0,1,1,1,0.16
SOURCE_0412,1,1,0,0.14285714285714,1.0,,,,,,0.0,1,1,1,0.12
SOURCE_0413,2,2,1,0.28571428571429,2.0,24.0,0.0,24.0,24.0,24.0,0.0,2,2,2,0.23
SOURCE_0414,1,1,0,0.14285714285714,1.0,,,,,,0.0,1,1,1,0.12
SOURCE_0415,1,1,0,0.14285714285714,1.0,,,,,,0.0,1,1,1,0.12
SOURCE_0416,1,1,0,0.14285714285714,1.0,,,,,,0.0,1,1,1,0.12
SOURCE_0417,1,1,0,0.14285714285714,1.0,,,,,,0.0,1,1,1,0.12
SOURCE_0418,1,1,0,0.14285714285714,1.0,,,,,,0.0,1,1,1,0.12
SOURCE_0419,1,1,0,0.14285714285714,1.0,,,,,,0.0,1,1,1,0.12
SOURCE_0420,1,1,0,0.14285714285714,1.0,,,,,,0.0,1,1,1,0.12
SOURCE_0421,1,1,0,0.14285714285714,1.0,,,,,,0.0,1,1,1,0.12
SOURCE_0422,1,1,0,0.14285714285714,1.0,,,,,,0.0,1,1,1,0.12
SOURCE_0423,1,1,0,0.14285714285714,1.0,,,,,,0.0,1,1,1,0.12
SOURCE_0424,1,1,0,0.14285714285714,1.0,,,,,,0.0,1,1,1,0.12
SOURCE_0425,1,1,0,0.14285714285714,1.0,,,,,,0.0,1,1,1,0.12
SOURCE_0426,1,1,0,0.14285714285714,1.0,,,,,,0.0,1,1,1,0.12
SOURCE_0427,1,1,0,0.14285714285714,1.0,,,,,,0.0,1,1,1,0.12
SOURCE_0428,1,1,0,0.14285714285714,1.0,,,,,,0.0,1,1,1,0.12
SOURCE_0429,1,1,0,0.14285714285714,1.0,,,,,,0.0,1,1,1,0.12
SOURCE_0430,1,1,0,0.14285714285714,1.0,,,,,,0.0,1,1,1,0.12
SOURCE_0431,1,1,0,0.14285714285714,1.0,,,,,,0.0,1,1,1,0.12
SOURCE_0432,1,2,0,0.14285714285714,2.0,0.0,0.0,0.0,0.0,0.0,0.0,1,1,1,0.13
SOURCE_0433,1,1,0,0.14285714285714,1.0,,,,,,0.0,1,1,1,0.12
SOURCE_0434,1,1,0,0.14285714285714,1.0,,,,,,0.0,1,1,1,0.12
SOURCE_0435,1,1,0,0.14285714285714,1.0,,,,,,0.0,1,1,1,0.12
SOURCE_0436,1,1,0,0.14285714285714,1.0,,,,,,0.0,1,1,1,0.12
SOURCE_0437,1,1,0,0.14285714285714,1.0,,,,,,0.0,1,1,1,0.12
SOURCE_0438,1,1,0,0.14285714285714,1.0,,,,,,0.0,1,1,1,0.12
SOURCE_0439,1,1,0,0.14285714285714,1.0,,,,,,0.0,1,1,1,0.12
SOURCE_0440,1,1,0,0.14285714285714,1.0,,,,,,0.0,1,1,1,0.12
SOURCE_0441,1,1,0,0.14285714285714,1.0,,,,,,0.0,1,1,1,0.12
SOURCE_0442,1,1,0,0.14285714285714,1.0,,,,,,0.0,1,1,1,0.12
SOURCE_0443,1,1,0,0.14285714285714,1.0,,,,,,0.0,1,1,1,0.12
SOURCE_0444,1,1,0,0.14285714285714,1.0,,,,,,0.0,1,1,1,0.12
SOURCE_0445,1,1,0,0.14285714285714,1.0,,,,,,0.0,1,1,1,0.12
SOURCE_0446,1,1,0,0.14285714285714,1.0,,,,,,0.0,1,1,1,0.12
SOURCE_0447,1,1,0,0.14285714285714,1.0,,,,,,0.0,1,1,1,0.12
SOURCE_0448,1,1,0,0.14285714285714,1.0,,,,,,0.0,1,1,1,0.12
SOURCE_0449,2,2,1,0.28571428571429,2.0,24.0,0.0,24.0,24.0,24.0,0.0,2,2,2,0.23
SOURCE_0450,1,2,0,0.14285714285714,2.0,0.0,0.0,0.0,0.0,0.0,0.0,1,1,1,0.13
SOURCE_0451,1,2,0,0.14285714285714,2.0,0.0,0.0,0.0,0.0,0.0,0.0,1,1,1,0.13
SOURCE_0452,1,1,0,0.14285714285714,1.0,,,,,,0.0,1,1,1,0.12
SOURCE_0453,1,1,0,0.14285714285714,1.0,,,,,,0.0,1,1,1,0.12
SOURCE_0454,1,1,0,0.14285714285714,1.0,,,,,,0.0,1,1,1,0.12
SOURCE_0455,1,2,0,0.14285714285714,2.0,0.0,0.0,0.0,0.0,0.0,0.0,1,1,1,0.13
SOURCE_0456,1,1,0,0.14285714285714,1.0,,,,,,0.0,1,1,1,0.12
SOURCE_0457,1,1,0,0.14285714285714,1.0,,,,,,0.0,1,1,1,0.12
SOURCE_0458,1,1,0,0.14285714285714,1.0,,,,,,0.0,1,1,1,0.12
SOURCE_0459,1,1,0,0.14285714285714,1.0,,,,,,0.0,1,1,1,0.12
SOURCE_0460,1,1,0,0.14285714285714,1.0,,,,,,0.0,1,1,1,0.12
SOURCE_0461,1,1,0,0.14285714285714,1.0,,,,,,0.0,1,1,1,0.12
SOURCE_0462,1,1,0,0.14285714285714,1.0,,,,,,0.0,1,1,1,0.12
SOURCE_0463,1,1,0,0.14285714285714,1.0,,,,,,0.0,1,1,1,0.12
SOURCE_0464,1,1,0,0.14285714285714,1.0,,,,,,0.0,1,1,1,0.12
SOURCE_0465,1,1,0,0.14285714285714,1.0,,,,,,0.0,1,1,1,0.12
SOURCE_0466,1,1,0,0.14285714285714,1.0,,,,,,0.0,1,1,1,0.12
SOURCE_0467,1,1,0,0.14285714285714,1.0,,,,,,0.0,1,1,1,0.12
SOURCE_0468,1,1,0,0.14285714285714,1.0,,,,,,0.0,1,1,1,0.12
SOURCE_0469,1,1,0,0.14285714285714,1.0,,,,,,0.0,1,1,1,0.12
SOURCE_0470,1,1,0,0.14285714285714,1.0,,,,,,0.0,1,1,1,0.12
SOURCE_0471,2,4,1,0.28571428571429,4.0,8.0,11.313708498985,0.0,0.0,24.0,0.081210303141612,2,2,2,0.26
SOURCE_0472,2,2,1,0.28571428571429,2.0,24.0,0.0,24.0,24.0,24.0,0.0,2,2,2,0.23
SOURCE_0473,2,2,1,0.28571428571429,2.0,24.0,0.0,24.0,24.0,24.0,0.0,2,2,2,0.23
SOURCE_0474,1,1,0,0.14285714285714,1.0,,,,,,0.0,1,1,1,0.12
SOURCE_0475,1,4,0,0.14285714285714,4.0,0.0,0.0,0.0,0.0,0.0,1.0,1,1,1,0.16
SOURCE_0476,1,1,0,0.14285714285714,1.0,,,,,,0.0,1,1,1,0.12
SOURCE_0477,1,1,0,0.14285714285714,1.0,,,,,,0.0,1,1,1,0.12
SOURCE_0478,1,1,0,0.14285714285714,1.0,,,,,,0.0,1,1,1,0.12
SOURCE_0479,1,1,0,0.14285714285714,1.0,,,,,,0.0,1,1,1,0.12
SOURCE_0480,1,1,0,0.14285714285714,1.0,,,,,,0.0,1,1,1,0.12
SOURCE_0481,1,1,0,0.14285714285714,1.0,,,,,,0.0,1,1,1,0.12
SOURCE_0482,1,1,0,0.14285714285714,1.0,,,,,,0.0,1,1,1,0.12
SOURCE_0483,1,1,0,0.14285714285714,1.0,,,,,,0.0,1,1,1,0.12
SOURCE_0484,1,1,0,0.14285714285714,1.0,,,,,,0.0,1,1,1,0.12
SOURCE_0485,1,1,0,0.14285714285714,1.0,,,,,,0.0,1,1,1,0.12
SOURCE_0486,1,1,0,0.14285714285714,1.0,,,,,,0.0,1,1,1,0.12
SOURCE_0487,1,1,0,0.14285714285714,1.0,,,,,,0.0,1,1,1,0.12
SOURCE_0488,1,2,0,0.14285714285714,2.0,0.0,0.0,0.0,0.0,0.0,0.0,1,1,1,0.13
SOURCE_0489,2,2,1,0.28571428571429,2.0,24.0,0.0,24.0,24.0,24.0,0.0,2,2,2,0.23
SOURCE_0490,1,1,0,0.14285714285714,1.0,,,,,,0.0,1,1,1,0.12
SOURCE_0491,1,2,0,0.14285714285714,2.0,0.0,0.0,0.0,0.0,0.0,0.0,1,1,1,0.13
SOURCE_0492,1,1,0,0.14285714285714,1.0,,,,,,0.0,1,1,1,0.12
SOURCE_0493,1,1,0,0.14285714285714,1.0,,,,,,0.0,1,1,1,0.12
SOURCE_0494,1,1,0,0.14285714285714,1.0,,,,,,0.0,1,1,1,0.12
SOURCE_0495,1,1,0,0.14285714285714,1.0,,,,,,0.0,1,1,1,0.12
SOURCE_0496,1,1,0,0.14285714285714,1.0,,,,,,0.0,1,1,1,0.12
SOURCE_0497,1,1,0,0.14285714285714,1.0,,,,,,0.0,1,1,1,0.12
SOURCE_0498,1,7,0,0.14285714285714,7.0,0.0,0.0,0.0,0.0,0.0,1.0,1,1,1,0.2
SOURCE_0499,1,1,0,0.14285714285714,1.0,,,,,,0.0,1,1,1,0.12
SOURCE_0500,1,1,0,0.14285714285714,1.0,,,,,,0.0,1,1,1,0.12
SOURCE_0501,1,1,0,0.14285714285714,1.0,,,,,,0.0,1,1,1,0.12
SOURCE_0502,1,1,0,0.14285714285714,1.0,,,,,,0.0,1,1,1,0.12
SOURCE_0503,1,1,0,0.14285714285714,1.0,,,,,,0.0,1,1,1,0.12
SOURCE_0504,1,1,0,0.14285714285714,1.0,,,,,,0.0,1,1,1,0.12
SOURCE_0505,1,1,0,0.14285714285714,1.0,,,,,,0.0,1,1,1,0.12
SOURCE_0506,1,1,0,0.14285714285714,1.0,,,,,,0.0,1,1,1,0.12
SOURCE_0507,1,1,0,0.14285714285714,1.0,,,,,,0.0,1,1,1,0.12
SOURCE_0508,1,1,0,0.14285714285714,1.0,,,,,,0.0,1,1,1,0.12
SOURCE_0509,1,1,0,0.14285714285714,1.0,,,,,,0.0,1,1,1,0.12
SOURCE_0510,1,1,0,0.14285714285714,1.0,,,,,,0.0,1,1,1,0.12
SOURCE_0511,1,1,0,0.14285714285714,1.0,,,,,,0.0,1,1,1,0.12
SOURCE_0512,1,2,0,0.14285714285714,2.0,0.0,0.0,0.0,0.0,0.0,0.0,1,1,1,0.13
SOURCE_0513,1,1,0,0.14285714285714,1.0,,,,,,0.0,1,1,1,0.12
SOURCE_0514,1,1,0,0.14285714285714,1.0,,,,,,0.0,1,1,1,0.12
SOURCE_0515,1,1,0,0.14285714285714,1.0,,,,,,0.0,1,1,1,0.12
SOURCE_0516,1,1,0,0.14285714285714,1.0,,,,,,0.0,1,1,1,0.12
SOURCE_0517,1,1,0,0.14285714285714,1.0,,,,,,0.0,1,1,1,0.12
SOURCE_0518,1,2,0,0.14285714285714,2.0,0.0,0.0,0.0,0.0,0.0,0.0,1,1,1,0.13
SOURCE_0519,2,2,1,0.28571428571429,2.0,24.0,0.0,24.0,24.0,24.0,0.0,2,2,2,0.23
SOURCE_0520,1,1,0,0.14285714285714,1.0,,,,,,0.0,1,1,1,0.12
SOURCE_0521,2,2,1,0.28571428571429,2.0,24.0,0.0,24.0,24.0,24.0,0.0,2,2,2,0.23
SOURCE_0522,2,2,1,0.28571428571429,2.0,24.0,0.0,24.0,24.0,24.0,0.0,2,2,2,0.23
SOURCE_0523,1,1,0,0.14285714285714,1.0,,,,,,0.0,1,1,1,0.12
SOURCE_0524,2,2,1,0.28571428571429,2.0,24.0,0.0,24.0,24.0,24.0,0.0,2,2,2,0.23
SOURCE_0525,1,2,0,0.14285714285714,2.0,0.0,0.0,0.0,0.0,0.0,0.0,1,1,1,0.13
SOURCE_0526,1,1,0,0.14285714285714,1.0,,,,,,0.0,1,1,1,0.12
SOURCE_0527,1,1,0,0.14285714285714,1.0,,,,,,0.0,1,1,1,0.12
SOURCE_0528,1,1,0,0.14285714285714,1.0,,,,,,0.0,1,1,1,0.12
SOURCE_0529,1,1,0,0.14285714285714,1.0,,,,,,0.0,1,1,1,0.12
SOURCE_0530,1,3,0,0.14285714285714,3.0,0.0,0.0,0.0,0.0,0.0,1.0,1,1,1,0.14
SOURCE_0531,1,1,0,0.14285714285714,1.0,,,,,,0.0,1,1,1,0.12
SOURCE_0532,1,1,0,0.14285714285714,1.0,,,,,,0.0,1,1,1,0.12
SOURCE_0533,1,1,0,0.14285714285714,1.0,,,,,,0.0,1,1,1,0.12
SOURCE_0534,1,2,0,0.14285714285714,2.0,0.0,0.0,0.0,0.0,0.0,0.0,1,1,1,0.13
SOURCE_0535,1,1,0,0.14285714285714,1.0,,,,,,0.0,1,1,1,0.12
SOURCE_0536,1,1,0,0.14285714285714,1.0,,,,,,0.0,1,1,1,0.12
SOURCE_0537,1,2,0,0.14285714285714,2.0,0.0,0.0,0.0,0.0,0.0,0.0,1,1,1,0.13
SOURCE_0538,1,1,0,0.14285714285714,1.0,,,,,,0.0,1,1,1,0.12
SOURCE_0539,1,1,0,0.14285714285714,1.0,,,,,,0.0,1,1,1,0.12
SOURCE_0540,1,1,0,0.14285714285714,1.0,,,,,,0.0,1,1,1,0.12
SOURCE_0541,1,1,0,0.14285714285714,1.0,,,,,,0.0,1,1,1,0.12
SOURCE_0542,1,2,0,0.14285714285714,2.0,0.0,0.0,0.0,0.0,0.0,0.0,1,1,1,0.13
SOURCE_0543,1,1,0,0.14285714285714,1.0,,,,,,0.0,1,1,1,0.12
SOURCE_0544,1,2,0,0.14285714285714,2.0,0.0,0.0,0.0,0.0,0.0,0.0,1,1,1,0.13
SOURCE_0545,1,2,0,0.14285714285714,2.0,0.0,0.0,0.0,0.0,0.0,0.0,1,1,1,0.13
SOURCE_0546,1,1,0,0.14285714285714,1.0,,,,,,0.0,1,1,1,0.12
SOURCE_0547,1,1,0,0.14285714285714,1.0,,,,,,0.0,1,1,1,0.12
SOURCE_0548,1,2,0,0.14285714285714,2.0,0.0,0.0,0.0,0.0,0.0,0.0,1,1,1,0.13
SOURCE_0549,1,1,0,0.14285714285714,1.0,,,,,,0.0,1,1,1,0.12
SOURCE_0550,1,1,0,0.14285714285714,1.0,,,,,,0.0,1,1,1,0.12
SOURCE_0551,1,3,0,0.14285714285714,3.0,0.0,0.0,0.0,0.0,0.0,1.0,1,1,1,0.14
SOURCE_0552,1,1,0,0.14285714285714,1.0,,,,,,0.0,1,1,1,0.12
SOURCE_0553,1,1,0,0.14285714285714,1.0,,,,,,0.0,1,1,1,0.12
SOURCE_0554,1,1,0,0.14285714285714,1.0,,,,,,0.0,1,1,1,0.12
SOURCE_0555,1,1,0,0.14285714285714,1.0,,,,,,0.0,1,1,1,0.12
SOURCE_0556,1,1,0,0.14285714285714,1.0,,,,,,0.0,1,1,1,0.12
SOURCE_0557,1,1,0,0.14285714285714,1.0,,,,,,0.0,1,1,1,0.12
SOURCE_0558,1,1,0,0.14285714285714,1.0,,,,,,0.0,1,1,1,0.12
SOURCE_0559,1,1,0,0.14285714285714,1.0,,,,,,0.0,1,1,1,0.12
SOURCE_0560,1,1,0,0.14285714285714,1.0,,,,,,0.0,1,1,1,0.12
SOURCE_0561,1,1,0,0.14285714285714,1.0,,,,,,0.0,1,1,1,0.12
SOURCE_0562,1,1,0,0.14285714285714,1.0,,,,,,0.0,1,1,1,0.12
SOURCE_0563,1,1,0,0.14285714285714,1.0,,,,,,0.0,1,1,1,0.12
